step,actic loss,critic loss,average distance,time
10,-435.9835,107.7158,10.4426,0min5sec
20,-365.6867,83.2985,10.4262,0min5sec
30,-217.5953,58.8234,10.4142,0min5sec
40,-169.4671,44.9938,10.3186,0min5sec
50,-133.4929,36.5082,9.9990,0min5sec
60,-111.7530,30.7207,9.6348,0min5sec
70,-96.0632,26.5670,9.3487,0min5sec
80,-84.2144,23.4380,9.1194,0min5sec
90,-74.9880,21.0006,8.9431,0min5sec
100,-67.5947,19.0446,8.7991,0min5sec
110,-61.5110,17.4387,8.6815,0min5sec
120,-56.4081,16.0987,8.5826,0min5sec
130,-52.0913,14.9708,8.5005,0min5sec
140,-48.4517,14.0090,8.4264,0min5sec
150,-45.2023,13.1713,8.3660,0min5sec
160,-42.3922,12.4328,8.3116,0min5sec
170,-39.9252,11.7765,8.2635,0min5sec
180,-37.7238,11.1933,8.2221,0min5sec
190,-35.7641,10.6734,8.1895,0min5sec
200,-34.0016,10.2041,8.1568,0min5sec
210,-32.3933,9.7770,8.1264,0min5sec
220,-30.9310,9.3883,8.0983,0min5sec
230,-29.5925,9.0337,8.0734,0min5sec
240,-28.3605,8.7105,8.0497,0min5sec
250,-27.2630,8.4142,8.0275,0min5sec
260,-26.2136,8.1404,8.0081,0min5sec
270,-25.2441,7.8871,7.9872,0min5sec
280,-24.3512,7.6486,7.9670,0min5sec
290,-23.5131,7.4242,7.9473,0min5sec
300,-22.7338,7.2153,7.9266,0min5sec
310,-21.9987,7.0205,7.9038,0min5sec
320,-21.3229,6.8396,7.8813,0min5sec
330,-20.6881,6.6686,7.8585,0min5sec
340,-20.0781,6.5084,7.8347,0min5sec
350,-19.5044,6.3554,7.8088,0min5sec
360,-18.9597,6.2098,7.7837,0min5sec
370,-18.4586,6.0708,7.7623,0min5sec
380,-17.9777,5.9386,7.7389,0min5sec
390,-17.5173,5.8149,7.7138,0min5sec
400,-17.0814,5.6960,7.6900,0min5sec
410,-16.6780,5.5826,7.6658,0min5sec
420,-16.2910,5.4753,7.6432,0min5sec
430,-15.9039,5.3727,7.6235,0min5sec
440,-15.5462,5.2753,7.6022,0min5sec
450,-15.1969,5.1798,7.5787,0min5sec
460,-14.8816,5.0849,7.5484,0min5sec
470,-14.5686,4.9909,7.5100,0min5sec
480,-14.3007,4.9025,7.4728,0min5sec
490,-14.0072,4.8136,7.4297,0min5sec
500,-13.7339,4.7264,7.3887,0min5sec
510,-13.4721,4.6418,7.3432,0min5sec
520,-13.2224,4.5598,7.2975,0min5sec
530,-12.9775,4.4799,7.2518,0min5sec
540,-12.7423,4.4029,7.2066,0min5sec
550,-12.5152,4.3281,7.1615,0min5sec
560,-12.2964,4.2559,7.1178,0min5sec
570,-12.0846,4.1862,7.0747,0min5sec
580,-11.8818,4.1187,7.0326,0min5sec
590,-11.6853,4.0533,6.9916,0min5sec
600,-11.4926,3.9903,6.9509,0min5sec
610,-11.3039,3.9294,6.9108,0min5sec
620,-11.1230,3.8699,6.8717,0min5sec
630,-10.9488,3.8128,6.8347,0min5sec
640,-10.7808,3.7571,6.7977,0min5sec
650,-10.6180,3.7026,6.7615,0min5sec
660,-10.4601,3.6498,6.7259,0min5sec
670,-10.3073,3.5985,6.6915,0min5sec
680,-10.1580,3.5487,6.6575,0min5sec
690,-10.0137,3.5006,6.6252,0min5sec
700,-9.8721,3.4538,6.5934,0min5sec
710,-9.7347,3.4086,6.5627,0min5sec
720,-9.6013,3.3642,6.5325,0min5sec
730,-9.4717,3.3208,6.5026,0min5sec
740,-9.3457,3.2787,6.4736,0min5sec
750,-9.2235,3.2377,6.4454,0min5sec
760,-9.1041,3.1977,6.4177,0min5sec
770,-8.9866,3.1588,6.3907,0min5sec
780,-8.8752,3.1212,6.3648,0min5sec
790,-8.7645,3.0842,6.3392,0min5sec
800,-8.6560,3.0481,6.3137,0min5sec
810,-8.5515,3.0128,6.2890,0min5sec
820,-8.4472,2.9785,6.2652,0min5sec
830,-8.3474,2.9453,6.2416,0min5sec
840,-8.2497,2.9129,6.2188,0min5sec
850,-8.1534,2.8811,6.1964,0min5sec
860,-8.0609,2.8500,6.1748,0min5sec
870,-7.9699,2.8194,6.1537,0min5sec
880,-7.8809,2.7894,6.1325,0min5sec
890,-7.7940,2.7602,6.1122,0min5sec
900,-7.7095,2.7316,6.0922,0min5sec
910,-7.6254,2.7036,6.0723,0min5sec
920,-7.5439,2.6762,6.0527,0min5sec
930,-7.4638,2.6495,6.0337,0min5sec
940,-7.3856,2.6231,6.0148,0min5sec
950,-7.3090,2.5974,5.9965,0min5sec
960,-7.2343,2.5722,5.9785,0min5sec
970,-7.1602,2.5476,5.9609,0min5sec
980,-7.0887,2.5236,5.9438,0min5sec
990,-7.0183,2.4998,5.9270,0min5sec
1000,-6.9488,2.4767,5.9105,0min5sec
1010,-6.8814,2.4539,5.8942,0min5sec
1020,-6.8140,2.4316,5.8779,0min5sec
1030,-6.7488,2.4097,5.8621,0min5sec
1040,-6.6846,2.3882,5.8468,0min5sec
1050,-6.6225,2.3672,5.8320,0min5sec
1060,-6.5606,2.3466,5.8174,0min5sec
1070,-6.5003,2.3265,5.8030,0min5sec
1080,-6.4422,2.3068,5.7886,0min5sec
1090,-6.3839,2.2873,5.7745,0min5sec
1100,-6.3273,2.2682,5.7606,0min5sec
1110,-6.2713,2.2493,5.7469,0min5sec
1120,-6.2147,2.2311,5.7340,0min5sec
1130,-6.1611,2.2129,5.7208,0min5sec
1140,-6.1079,2.1951,5.7080,0min5sec
1150,-6.0555,2.1776,5.6953,0min5sec
1160,-6.0039,2.1603,5.6829,0min5sec
1170,-5.9537,2.1433,5.6707,0min5sec
1180,-5.9040,2.1266,5.6586,0min5sec
1190,-5.8562,2.1103,5.6468,0min5sec
1200,-5.8071,2.0942,5.6352,0min5sec
1210,-5.7602,2.0784,5.6237,0min5sec
1220,-5.7138,2.0627,5.6122,0min5sec
1230,-5.6682,2.0474,5.6010,0min5sec
1240,-5.6235,2.0323,5.5900,0min5sec
1250,-5.5794,2.0174,5.5791,0min5sec
1260,-5.5359,2.0028,5.5684,0min5sec
1270,-5.4926,1.9883,5.5578,0min5sec
1280,-5.4505,1.9741,5.5472,0min5sec
1290,-5.4091,1.9601,5.5368,0min5sec
1300,-5.3679,1.9463,5.5267,0min5sec
1310,-5.3275,1.9328,5.5170,0min5sec
1320,-5.2874,1.9195,5.5073,0min5sec
1330,-5.2483,1.9063,5.4977,0min5sec
1340,-5.2101,1.8934,5.4881,0min5sec
1350,-5.1720,1.8806,5.4788,0min5sec
1360,-5.1348,1.8680,5.4695,0min5sec
1370,-5.0974,1.8556,5.4605,0min5sec
1380,-5.0611,1.8434,5.4516,0min5sec
1390,-5.0250,1.8314,5.4427,0min5sec
1400,-4.9899,1.8195,5.4339,0min5sec
1410,-4.9545,1.8078,5.4253,0min5sec
1420,-4.9201,1.7963,5.4168,0min5sec
1430,-4.8865,1.7850,5.4086,0min5sec
1440,-4.8530,1.7737,5.4003,0min5sec
1450,-4.8201,1.7626,5.3920,0min5sec
1460,-4.7877,1.7517,5.3839,0min5sec
1470,-4.7559,1.7410,5.3760,0min5sec
1480,-4.7244,1.7304,5.3681,0min5sec
1490,-4.6932,1.7198,5.3602,0min5sec
1500,-4.6625,1.7095,5.3524,0min5sec
1510,-4.6321,1.6992,5.3448,0min5sec
1520,-4.6019,1.6892,5.3374,0min5sec
1530,-4.5723,1.6792,5.3300,0min5sec
1540,-4.5429,1.6695,5.3227,0min5sec
1550,-4.5147,1.6600,5.3155,0min5sec
1560,-4.4860,1.6505,5.3082,0min5sec
1570,-4.4582,1.6410,5.3010,0min5sec
1580,-4.4302,1.6317,5.2940,0min5sec
1590,-4.4028,1.6226,5.2871,0min5sec
1600,-4.3758,1.6134,5.2801,0min5sec
1610,-4.3495,1.6044,5.2733,0min5sec
1620,-4.3231,1.5955,5.2665,0min5sec
1630,-4.2972,1.5867,5.2598,0min5sec
1640,-4.2712,1.5780,5.2533,0min5sec
1650,-4.2457,1.5694,5.2470,0min5sec
1660,-4.2206,1.5610,5.2407,0min5sec
1670,-4.1958,1.5526,5.2344,0min5sec
1680,-4.1715,1.5443,5.2283,0min5sec
1690,-4.1473,1.5361,5.2223,0min5sec
1700,-4.1236,1.5282,5.2165,0min5sec
1710,-4.0998,1.5202,5.2104,0min5sec
1720,-4.0767,1.5124,5.2046,0min5sec
1730,-4.0535,1.5046,5.1989,0min5sec
1740,-4.0304,1.4968,5.1932,0min5sec
1750,-4.0078,1.4892,5.1876,0min5sec
1760,-3.9856,1.4816,5.1822,0min5sec
1770,-3.9636,1.4742,5.1767,0min5sec
1780,-3.9418,1.4668,5.1713,0min5sec
1790,-3.9204,1.4595,5.1658,0min5sec
1800,-3.8991,1.4523,5.1603,0min5sec
1810,-3.8778,1.4451,5.1549,0min5sec
1820,-3.8570,1.4380,5.1495,0min5sec
1830,-3.8364,1.4310,5.1442,0min5sec
1840,-3.8161,1.4241,5.1390,0min5sec
1850,-3.7956,1.4173,5.1341,0min5sec
1860,-3.7758,1.4106,5.1290,0min5sec
1870,-3.7559,1.4040,5.1238,0min5sec
1880,-3.7364,1.3973,5.1186,0min5sec
1890,-3.7170,1.3908,5.1138,0min5sec
1900,-3.6978,1.3845,5.1091,0min5sec
1910,-3.6786,1.3781,5.1042,0min5sec
1920,-3.6597,1.3718,5.0995,0min5sec
1930,-3.6412,1.3656,5.0948,0min5sec
1940,-3.6228,1.3593,5.0900,0min5sec
1950,-3.6045,1.3532,5.0854,0min5sec
1960,-3.5863,1.3471,5.0809,0min5sec
1970,-3.5684,1.3410,5.0763,0min5sec
1980,-3.5508,1.3350,5.0717,0min5sec
1990,-3.5334,1.3291,5.0671,0min5sec
2000,-3.5162,1.3232,5.0626,0min5sec
2010,-3.4990,1.3174,5.0581,0min5sec
2020,-3.4820,1.3116,5.0537,0min5sec
2030,-3.4651,1.3060,5.0493,0min5sec
2040,-3.4484,1.3003,5.0449,0min5sec
2050,-3.4320,1.2948,5.0407,0min5sec
2060,-3.4156,1.2893,5.0364,0min5sec
2070,-3.3996,1.2838,5.0322,0min5sec
2080,-3.3836,1.2784,5.0280,0min5sec
2090,-3.3678,1.2730,5.0238,0min5sec
2100,-3.3521,1.2677,5.0198,0min5sec
2110,-3.3367,1.2625,5.0159,0min5sec
2120,-3.3213,1.2573,5.0120,0min5sec
2130,-3.3061,1.2521,5.0082,0min5sec
2140,-3.2909,1.2470,5.0043,0min5sec
2150,-3.2759,1.2420,5.0005,0min5sec
2160,-3.2612,1.2370,4.9967,0min5sec
2170,-3.2465,1.2320,4.9929,0min5sec
2180,-3.2319,1.2271,4.9891,0min5sec
2190,-3.2173,1.2223,4.9855,0min5sec
2200,-3.2029,1.2174,4.9818,0min5sec
2210,-3.1887,1.2126,4.9783,0min5sec
2220,-3.1747,1.2078,4.9745,0min5sec
2230,-3.1607,1.2031,4.9709,0min5sec
2240,-3.1469,1.1985,4.9674,0min5sec
2250,-3.1332,1.1938,4.9639,0min5sec
2260,-3.1196,1.1892,4.9603,0min5sec
2270,-3.1061,1.1847,4.9568,0min5sec
2280,-3.0927,1.1801,4.9532,0min5sec
2290,-3.0796,1.1757,4.9497,0min5sec
2300,-3.0665,1.1713,4.9464,0min5sec
2310,-3.0536,1.1669,4.9432,0min5sec
2320,-3.0407,1.1627,4.9401,0min5sec
2330,-3.0280,1.1584,4.9368,0min5sec
2340,-3.0152,1.1541,4.9335,0min5sec
2350,-3.0026,1.1498,4.9302,0min5sec
2360,-2.9901,1.1456,4.9270,0min5sec
2370,-2.9777,1.1415,4.9239,0min5sec
2380,-2.9655,1.1373,4.9207,0min5sec
2390,-2.9534,1.1332,4.9174,0min5sec
2400,-2.9413,1.1292,4.9143,0min5sec
2410,-2.9294,1.1251,4.9112,0min5sec
2420,-2.9176,1.1211,4.9081,0min5sec
2430,-2.9057,1.1172,4.9050,0min5sec
2440,-2.8940,1.1133,4.9020,0min5sec
2450,-2.8825,1.1094,4.8990,0min5sec
2460,-2.8710,1.1055,4.8959,0min5sec
2470,-2.8596,1.1016,4.8929,0min5sec
2480,-2.8483,1.0978,4.8899,0min5sec
2490,-2.8371,1.0940,4.8869,0min5sec
2500,-2.8260,1.0902,4.8839,0min5sec
2510,-2.8151,1.0865,4.8811,0min5sec
2520,-2.8042,1.0828,4.8782,0min5sec
2530,-2.7934,1.0791,4.8753,0min5sec
2540,-2.7826,1.0755,4.8726,0min5sec
2550,-2.7719,1.0720,4.8699,0min5sec
2560,-2.7614,1.0684,4.8671,0min5sec
2570,-2.7507,1.0648,4.8644,0min5sec
2580,-2.7403,1.0612,4.8617,0min5sec
2590,-2.7298,1.0577,4.8590,0min5sec
2600,-2.7197,1.0542,4.8563,0min5sec
2610,-2.7095,1.0508,4.8535,0min5sec
2620,-2.6995,1.0473,4.8510,0min5sec
2630,-2.6894,1.0440,4.8484,0min5sec
2640,-2.6794,1.0406,4.8458,0min5sec
2650,-2.6695,1.0372,4.8432,0min5sec
2660,-2.6595,1.0339,4.8406,0min5sec
2670,-2.6497,1.0306,4.8382,0min5sec
2680,-2.6401,1.0274,4.8357,0min5sec
2690,-2.6304,1.0242,4.8334,0min5sec
2700,-2.6209,1.0210,4.8309,0min5sec
2710,-2.6116,1.0179,4.8285,0min5sec
2720,-2.6021,1.0147,4.8262,0min5sec
2730,-2.5929,1.0116,4.8237,0min5sec
2740,-2.5836,1.0084,4.8213,0min5sec
2750,-2.5744,1.0053,4.8188,0min5sec
2760,-2.5654,1.0021,4.8164,0min5sec
2770,-2.5564,0.9991,4.8139,0min5sec
2780,-2.5477,0.9960,4.8116,0min5sec
2790,-2.5386,0.9930,4.8092,0min5sec
2800,-2.5298,0.9899,4.8067,0min5sec
2810,-2.5209,0.9869,4.8043,0min5sec
2820,-2.5124,0.9839,4.8021,0min5sec
2830,-2.5037,0.9810,4.7998,0min5sec
2840,-2.4952,0.9781,4.7975,0min5sec
2850,-2.4866,0.9751,4.7952,0min5sec
2860,-2.4782,0.9722,4.7929,0min5sec
2870,-2.4698,0.9693,4.7908,0min5sec
2880,-2.4613,0.9665,4.7886,0min5sec
2890,-2.4531,0.9636,4.7863,0min5sec
2900,-2.4450,0.9608,4.7840,0min5sec
2910,-2.4366,0.9579,4.7818,0min5sec
2920,-2.4286,0.9552,4.7796,0min5sec
2930,-2.4205,0.9524,4.7775,0min5sec
2940,-2.4123,0.9496,4.7754,0min5sec
2950,-2.4047,0.9469,4.7733,0min5sec
2960,-2.3967,0.9442,4.7712,0min5sec
2970,-2.3889,0.9416,4.7693,0min5sec
2980,-2.3811,0.9389,4.7672,0min5sec
2990,-2.3734,0.9362,4.7653,0min5sec
3000,-2.3657,0.9336,4.7632,0min5sec
3010,-2.3582,0.9309,4.7611,0min5sec
3020,-2.3505,0.9283,4.7591,0min5sec
3030,-2.3429,0.9257,4.7569,0min5sec
3040,-2.3354,0.9230,4.7549,0min5sec
3050,-2.3280,0.9205,4.7528,0min5sec
3060,-2.3205,0.9179,4.7508,0min5sec
3070,-2.3130,0.9153,4.7488,0min5sec
3080,-2.3058,0.9129,4.7470,0min5sec
3090,-2.2989,0.9105,4.7451,0min5sec
3100,-2.2917,0.9080,4.7431,0min5sec
3110,-2.2844,0.9055,4.7411,0min5sec
3120,-2.2773,0.9030,4.7392,0min5sec
3130,-2.2703,0.9006,4.7373,0min5sec
3140,-2.2632,0.8982,4.7353,0min5sec
3150,-2.2563,0.8957,4.7334,0min5sec
3160,-2.2493,0.8933,4.7314,0min5sec
3170,-2.2425,0.8910,4.7296,0min5sec
3180,-2.2356,0.8886,4.7277,0min5sec
3190,-2.2286,0.8862,4.7258,0min5sec
3200,-2.2219,0.8838,4.7240,0min5sec
3210,-2.2151,0.8815,4.7221,0min5sec
3220,-2.2084,0.8791,4.7202,0min5sec
3230,-2.2018,0.8768,4.7184,0min5sec
3240,-2.1952,0.8745,4.7166,0min5sec
3250,-2.1886,0.8723,4.7148,0min5sec
3260,-2.1821,0.8700,4.7130,0min5sec
3270,-2.1755,0.8677,4.7112,0min5sec
3280,-2.1690,0.8655,4.7095,0min5sec
3290,-2.1626,0.8633,4.7077,0min5sec
3300,-2.1563,0.8611,4.7059,0min5sec
3310,-2.1499,0.8590,4.7041,0min5sec
3320,-2.1436,0.8568,4.7025,0min5sec
3330,-2.1373,0.8546,4.7008,0min5sec
3340,-2.1311,0.8525,4.6991,0min5sec
3350,-2.1248,0.8503,4.6973,0min5sec
3360,-2.1186,0.8482,4.6956,0min5sec
3370,-2.1125,0.8461,4.6941,0min5sec
3380,-2.1064,0.8439,4.6925,0min5sec
3390,-2.1005,0.8418,4.6908,0min5sec
3400,-2.0944,0.8397,4.6891,0min5sec
3410,-2.0885,0.8377,4.6874,0min5sec
3420,-2.0825,0.8356,4.6859,0min5sec
3430,-2.0766,0.8336,4.6843,0min5sec
3440,-2.0706,0.8316,4.6826,0min5sec
3450,-2.0649,0.8296,4.6810,0min5sec
3460,-2.0591,0.8275,4.6793,0min5sec
3470,-2.0533,0.8255,4.6777,0min5sec
3480,-2.0476,0.8236,4.6763,0min5sec
3490,-2.0420,0.8216,4.6747,0min5sec
3500,-2.0364,0.8196,4.6731,0min5sec
3510,-2.0309,0.8177,4.6716,0min5sec
3520,-2.0252,0.8157,4.6701,0min5sec
3530,-2.0194,0.8138,4.6685,0min5sec
3540,-2.0140,0.8119,4.6670,0min5sec
3550,-2.0085,0.8100,4.6654,0min5sec
3560,-2.0030,0.8081,4.6639,0min5sec
3570,-1.9976,0.8062,4.6623,0min5sec
3580,-1.9921,0.8043,4.6608,0min5sec
3590,-1.9868,0.8025,4.6593,0min5sec
3600,-1.9814,0.8006,4.6578,0min5sec
3610,-1.9761,0.7988,4.6564,0min5sec
3620,-1.9708,0.7969,4.6549,0min5sec
3630,-1.9655,0.7950,4.6534,0min5sec
3640,-1.9603,0.7932,4.6519,0min5sec
3650,-1.9550,0.7914,4.6504,0min5sec
3660,-1.9498,0.7896,4.6490,0min5sec
3670,-1.9447,0.7878,4.6476,0min5sec
3680,-1.9396,0.7861,4.6461,0min5sec
3690,-1.9346,0.7843,4.6447,0min5sec
3700,-1.9295,0.7826,4.6434,0min5sec
3710,-1.9244,0.7808,4.6420,0min5sec
3720,-1.9194,0.7790,4.6406,0min5sec
3730,-1.9144,0.7773,4.6393,0min5sec
3740,-1.9095,0.7756,4.6381,0min5sec
3750,-1.9046,0.7739,4.6368,0min5sec
3760,-1.8997,0.7722,4.6355,0min5sec
3770,-1.8948,0.7705,4.6341,0min5sec
3780,-1.8899,0.7688,4.6328,0min5sec
3790,-1.8851,0.7672,4.6314,0min5sec
3800,-1.8803,0.7655,4.6302,0min5sec
3810,-1.8755,0.7638,4.6289,0min5sec
3820,-1.8708,0.7621,4.6277,0min5sec
3830,-1.8661,0.7605,4.6264,0min5sec
3840,-1.8614,0.7589,4.6251,0min5sec
3850,-1.8569,0.7573,4.6239,0min5sec
3860,-1.8522,0.7557,4.6226,0min5sec
3870,-1.8476,0.7540,4.6214,0min5sec
3880,-1.8430,0.7525,4.6201,0min5sec
3890,-1.8384,0.7509,4.6188,0min5sec
3900,-1.8338,0.7493,4.6175,0min5sec
3910,-1.8294,0.7477,4.6164,0min5sec
3920,-1.8249,0.7462,4.6151,0min5sec
3930,-1.8204,0.7446,4.6139,0min5sec
3940,-1.8158,0.7431,4.6127,0min5sec
3950,-1.8115,0.7416,4.6114,0min5sec
3960,-1.8071,0.7400,4.6102,0min5sec
3970,-1.8026,0.7385,4.6089,0min5sec
3980,-1.7982,0.7370,4.6077,0min5sec
3990,-1.7938,0.7355,4.6065,0min5sec
4000,-1.7894,0.7339,4.6053,0min5sec
4010,-1.7851,0.7325,4.6042,0min5sec
4020,-1.7806,0.7310,4.6031,0min5sec
4030,-1.7764,0.7296,4.6019,0min5sec
4040,-1.7720,0.7281,4.6007,0min5sec
4050,-1.7678,0.7266,4.5996,0min5sec
4060,-1.7635,0.7251,4.5984,0min5sec
4070,-1.7593,0.7237,4.5972,0min5sec
4080,-1.7551,0.7222,4.5960,0min5sec
4090,-1.7509,0.7208,4.5948,0min5sec
4100,-1.7468,0.7193,4.5937,0min5sec
4110,-1.7427,0.7179,4.5926,0min5sec
4120,-1.7388,0.7165,4.5914,0min5sec
4130,-1.7346,0.7150,4.5903,0min5sec
4140,-1.7306,0.7136,4.5891,0min5sec
4150,-1.7266,0.7122,4.5880,0min5sec
4160,-1.7226,0.7108,4.5869,0min5sec
4170,-1.7186,0.7094,4.5858,0min5sec
4180,-1.7146,0.7080,4.5848,0min5sec
4190,-1.7106,0.7067,4.5838,0min5sec
4200,-1.7067,0.7053,4.5827,0min5sec
4210,-1.7027,0.7040,4.5816,0min5sec
4220,-1.6988,0.7026,4.5805,0min5sec
4230,-1.6949,0.7012,4.5794,0min5sec
4240,-1.6911,0.6999,4.5784,0min5sec
4250,-1.6872,0.6985,4.5773,0min5sec
4260,-1.6834,0.6972,4.5762,0min5sec
4270,-1.6796,0.6959,4.5752,0min5sec
4280,-1.6757,0.6946,4.5741,0min5sec
4290,-1.6721,0.6932,4.5731,0min5sec
4300,-1.6682,0.6919,4.5720,0min5sec
4310,-1.6646,0.6906,4.5710,0min5sec
4320,-1.6608,0.6893,4.5700,0min5sec
4330,-1.6571,0.6880,4.5689,0min5sec
4340,-1.6534,0.6867,4.5678,0min5sec
4350,-1.6497,0.6854,4.5667,0min5sec
4360,-1.6459,0.6842,4.5657,0min5sec
4370,-1.6423,0.6829,4.5647,0min5sec
4380,-1.6387,0.6817,4.5637,0min5sec
4390,-1.6350,0.6804,4.5627,0min5sec
4400,-1.6314,0.6792,4.5618,0min5sec
4410,-1.6279,0.6779,4.5608,0min5sec
4420,-1.6243,0.6767,4.5598,0min5sec
4430,-1.6208,0.6755,4.5588,0min5sec
4440,-1.6173,0.6742,4.5578,0min5sec
4450,-1.6138,0.6730,4.5568,0min5sec
4460,-1.6103,0.6718,4.5558,0min5sec
4470,-1.6068,0.6706,4.5549,0min5sec
4480,-1.6033,0.6694,4.5539,0min5sec
4490,-1.5999,0.6682,4.5530,0min5sec
4500,-1.5964,0.6670,4.5520,0min5sec
4510,-1.5930,0.6659,4.5511,0min5sec
4520,-1.5896,0.6647,4.5502,0min5sec
4530,-1.5862,0.6635,4.5492,0min5sec
4540,-1.5828,0.6623,4.5483,0min5sec
4550,-1.5795,0.6612,4.5473,0min5sec
4560,-1.5762,0.6600,4.5463,0min5sec
4570,-1.5728,0.6588,4.5453,0min5sec
4580,-1.5694,0.6577,4.5444,0min5sec
4590,-1.5661,0.6565,4.5434,0min5sec
4600,-1.5627,0.6554,4.5425,0min5sec
4610,-1.5595,0.6543,4.5416,0min5sec
4620,-1.5562,0.6532,4.5407,0min5sec
4630,-1.5530,0.6520,4.5398,0min5sec
4640,-1.5498,0.6509,4.5390,0min5sec
4650,-1.5465,0.6498,4.5381,0min5sec
4660,-1.5433,0.6487,4.5372,0min5sec
4670,-1.5401,0.6476,4.5363,0min5sec
4680,-1.5369,0.6465,4.5354,0min5sec
4690,-1.5338,0.6454,4.5345,0min5sec
4700,-1.5307,0.6443,4.5336,0min5sec
4710,-1.5275,0.6432,4.5327,0min5sec
4720,-1.5245,0.6422,4.5319,0min5sec
4730,-1.5214,0.6411,4.5310,0min5sec
4740,-1.5182,0.6400,4.5300,0min5sec
4750,-1.5152,0.6389,4.5291,0min5sec
4760,-1.5120,0.6379,4.5283,0min5sec
4770,-1.5090,0.6368,4.5274,0min5sec
4780,-1.5060,0.6357,4.5265,0min5sec
4790,-1.5030,0.6347,4.5257,0min5sec
4800,-1.5000,0.6337,4.5248,0min5sec
4810,-1.4970,0.6326,4.5240,0min5sec
4820,-1.4940,0.6315,4.5231,0min5sec
4830,-1.4910,0.6305,4.5223,0min5sec
4840,-1.4880,0.6295,4.5214,0min5sec
4850,-1.4851,0.6284,4.5206,0min5sec
4860,-1.4822,0.6274,4.5197,0min5sec
4870,-1.4793,0.6264,4.5189,0min5sec
4880,-1.4764,0.6254,4.5181,0min5sec
4890,-1.4735,0.6243,4.5172,0min5sec
4900,-1.4706,0.6233,4.5163,0min5sec
4910,-1.4676,0.6223,4.5155,0min5sec
4920,-1.4648,0.6213,4.5146,0min5sec
4930,-1.4619,0.6203,4.5138,0min5sec
4940,-1.4591,0.6193,4.5129,0min5sec
4950,-1.4562,0.6183,4.5121,0min5sec
4960,-1.4534,0.6173,4.5113,0min5sec
4970,-1.4506,0.6163,4.5105,0min5sec
4980,-1.4478,0.6153,4.5096,0min5sec
4990,-1.4449,0.6143,4.5088,0min5sec
5000,-1.4421,0.6134,4.5080,0min5sec
5010,-1.4393,0.6124,4.5072,0min5sec
5020,-1.4366,0.6114,4.5064,0min5sec
5030,-1.4338,0.6104,4.5056,0min5sec
5040,-1.4311,0.6095,4.5047,0min5sec
5050,-1.4283,0.6085,4.5039,0min5sec
5060,-1.4256,0.6076,4.5031,0min5sec
5070,-1.4229,0.6066,4.5023,0min5sec
5080,-1.4201,0.6057,4.5014,0min5sec
5090,-1.4174,0.6047,4.5007,0min5sec
5100,-1.4147,0.6038,4.4999,0min5sec
5110,-1.4121,0.6029,4.4992,0min5sec
5120,-1.4094,0.6020,4.4984,0min5sec
5130,-1.4067,0.6010,4.4977,0min5sec
5140,-1.4041,0.6001,4.4969,0min5sec
5150,-1.4014,0.5992,4.4962,0min5sec
5160,-1.3988,0.5983,4.4954,0min5sec
5170,-1.3962,0.5973,4.4947,0min5sec
5180,-1.3936,0.5964,4.4939,0min5sec
5190,-1.3910,0.5955,4.4931,0min5sec
5200,-1.3884,0.5946,4.4924,0min5sec
5210,-1.3858,0.5937,4.4916,0min5sec
5220,-1.3832,0.5928,4.4909,0min5sec
5230,-1.3806,0.5919,4.4901,0min5sec
5240,-1.3781,0.5910,4.4894,0min5sec
5250,-1.3756,0.5902,4.4887,0min5sec
5260,-1.3730,0.5893,4.4879,0min5sec
5270,-1.3705,0.5884,4.4872,0min5sec
5280,-1.3680,0.5876,4.4865,0min5sec
5290,-1.3654,0.5867,4.4858,0min5sec
5300,-1.3629,0.5858,4.4850,0min5sec
5310,-1.3604,0.5850,4.4843,0min5sec
5320,-1.3579,0.5841,4.4835,0min5sec
5330,-1.3554,0.5832,4.4828,0min5sec
5340,-1.3529,0.5824,4.4820,0min5sec
5350,-1.3505,0.5815,4.4813,0min5sec
5360,-1.3480,0.5807,4.4806,0min5sec
5370,-1.3457,0.5799,4.4800,0min5sec
5380,-1.3433,0.5791,4.4794,0min5sec
5390,-1.3409,0.5782,4.4787,0min5sec
5400,-1.3385,0.5774,4.4781,0min5sec
5410,-1.3361,0.5766,4.4774,0min5sec
5420,-1.3338,0.5757,4.4767,0min5sec
5430,-1.3314,0.5749,4.4761,0min5sec
5440,-1.3290,0.5741,4.4754,0min5sec
5450,-1.3267,0.5732,4.4747,0min5sec
5460,-1.3243,0.5724,4.4740,0min5sec
5470,-1.3220,0.5716,4.4733,0min5sec
5480,-1.3197,0.5708,4.4726,0min5sec
5490,-1.3173,0.5700,4.4719,0min5sec
5500,-1.3150,0.5691,4.4712,0min5sec
5510,-1.3127,0.5683,4.4705,0min5sec
5520,-1.3104,0.5675,4.4698,0min5sec
5530,-1.3082,0.5667,4.4691,0min5sec
5540,-1.3059,0.5660,4.4684,0min5sec
5550,-1.3036,0.5652,4.4678,0min5sec
5560,-1.3014,0.5644,4.4672,0min5sec
5570,-1.2991,0.5636,4.4665,0min5sec
5580,-1.2969,0.5629,4.4659,0min5sec
5590,-1.2947,0.5621,4.4653,0min5sec
5600,-1.2924,0.5613,4.4647,0min5sec
5610,-1.2902,0.5605,4.4640,0min5sec
5620,-1.2880,0.5598,4.4633,0min5sec
5630,-1.2858,0.5590,4.4626,0min5sec
5640,-1.2836,0.5582,4.4620,0min5sec
5650,-1.2813,0.5575,4.4614,0min5sec
5660,-1.2792,0.5567,4.4607,0min5sec
5670,-1.2771,0.5559,4.4600,0min5sec
5680,-1.2749,0.5552,4.4593,0min5sec
5690,-1.2727,0.5544,4.4587,0min5sec
5700,-1.2706,0.5537,4.4580,0min5sec
5710,-1.2685,0.5529,4.4574,0min5sec
5720,-1.2663,0.5522,4.4568,0min5sec
5730,-1.2642,0.5514,4.4561,0min5sec
5740,-1.2621,0.5506,4.4555,0min5sec
5750,-1.2600,0.5499,4.4549,0min5sec
5760,-1.2578,0.5491,4.4542,0min5sec
5770,-1.2558,0.5484,4.4536,0min5sec
5780,-1.2537,0.5477,4.4530,0min5sec
5790,-1.2516,0.5469,4.4524,0min5sec
5800,-1.2495,0.5462,4.4518,0min5sec
5810,-1.2474,0.5455,4.4511,0min5sec
5820,-1.2454,0.5448,4.4505,0min5sec
5830,-1.2433,0.5440,4.4499,0min5sec
5840,-1.2413,0.5433,4.4493,0min5sec
5850,-1.2393,0.5426,4.4487,0min5sec
5860,-1.2372,0.5419,4.4482,0min5sec
5870,-1.2352,0.5412,4.4475,0min5sec
5880,-1.2332,0.5405,4.4469,0min5sec
5890,-1.2311,0.5398,4.4463,0min5sec
5900,-1.2291,0.5391,4.4458,0min5sec
5910,-1.2271,0.5384,4.4453,0min5sec
5920,-1.2251,0.5378,4.4447,0min5sec
5930,-1.2232,0.5371,4.4441,0min5sec
5940,-1.2212,0.5364,4.4435,0min5sec
5950,-1.2192,0.5357,4.4429,0min5sec
5960,-1.2171,0.5350,4.4423,0min5sec
5970,-1.2152,0.5343,4.4417,0min5sec
5980,-1.2133,0.5336,4.4411,0min5sec
5990,-1.2113,0.5329,4.4405,0min5sec
6000,-1.2094,0.5323,4.4399,0min5sec
6010,-1.2075,0.5316,4.4393,0min5sec
6020,-1.2055,0.5309,4.4387,0min5sec
6030,-1.2036,0.5302,4.4382,0min5sec
6040,-1.2016,0.5296,4.4376,0min5sec
6050,-1.1997,0.5289,4.4371,0min5sec
6060,-1.1979,0.5283,4.4365,0min5sec
6070,-1.1960,0.5276,4.4359,0min5sec
6080,-1.1941,0.5270,4.4354,0min5sec
6090,-1.1922,0.5263,4.4348,0min5sec
6100,-1.1904,0.5257,4.4342,0min5sec
6110,-1.1885,0.5250,4.4337,0min5sec
6120,-1.1866,0.5243,4.4331,0min5sec
6130,-1.1848,0.5237,4.4326,0min5sec
6140,-1.1829,0.5230,4.4320,0min5sec
6150,-1.1811,0.5224,4.4314,0min5sec
6160,-1.1792,0.5217,4.4308,0min5sec
6170,-1.1774,0.5211,4.4302,0min5sec
6180,-1.1756,0.5204,4.4297,0min5sec
6190,-1.1737,0.5198,4.4291,0min5sec
6200,-1.1718,0.5192,4.4286,0min5sec
6210,-1.1701,0.5185,4.4280,0min5sec
6220,-1.1683,0.5179,4.4275,0min5sec
6230,-1.1664,0.5173,4.4270,0min5sec
6240,-1.1646,0.5166,4.4264,0min5sec
6250,-1.1628,0.5160,4.4259,0min5sec
6260,-1.1611,0.5154,4.4254,0min5sec
6270,-1.1592,0.5148,4.4249,0min5sec
6280,-1.1575,0.5142,4.4243,0min5sec
6290,-1.1557,0.5135,4.4238,0min5sec
6300,-1.1539,0.5129,4.4233,0min5sec
6310,-1.1522,0.5123,4.4227,0min5sec
6320,-1.1504,0.5117,4.4222,0min5sec
6330,-1.1486,0.5110,4.4216,0min5sec
6340,-1.1469,0.5104,4.4211,0min5sec
6350,-1.1452,0.5098,4.4207,0min5sec
6360,-1.1435,0.5092,4.4202,0min5sec
6370,-1.1418,0.5086,4.4197,0min5sec
6380,-1.1400,0.5080,4.4192,0min5sec
6390,-1.1383,0.5074,4.4186,0min5sec
6400,-1.1366,0.5068,4.4181,0min5sec
6410,-1.1349,0.5062,4.4176,0min5sec
6420,-1.1332,0.5056,4.4170,0min5sec
6430,-1.1315,0.5050,4.4165,0min5sec
6440,-1.1298,0.5044,4.4160,0min5sec
6450,-1.1281,0.5038,4.4155,0min5sec
6460,-1.1264,0.5032,4.4150,0min5sec
6470,-1.1247,0.5026,4.4144,0min5sec
6480,-1.1231,0.5020,4.4139,0min5sec
6490,-1.1214,0.5014,4.4134,0min5sec
6500,-1.1198,0.5009,4.4129,0min5sec
6510,-1.1181,0.5003,4.4124,0min5sec
6520,-1.1164,0.4997,4.4119,0min5sec
6530,-1.1148,0.4991,4.4114,0min5sec
6540,-1.1132,0.4986,4.4109,0min5sec
6550,-1.1116,0.4980,4.4104,0min5sec
6560,-1.1100,0.4974,4.4099,0min5sec
6570,-1.1083,0.4968,4.4094,0min5sec
6580,-1.1067,0.4963,4.4089,0min5sec
6590,-1.1050,0.4957,4.4084,0min5sec
6600,-1.1034,0.4951,4.4079,0min5sec
6610,-1.1018,0.4946,4.4075,0min5sec
6620,-1.1002,0.4940,4.4070,0min5sec
6630,-1.0986,0.4935,4.4066,0min5sec
6640,-1.0970,0.4929,4.4061,0min5sec
6650,-1.0953,0.4923,4.4056,0min5sec
6660,-1.0938,0.4918,4.4052,0min5sec
6670,-1.0923,0.4912,4.4047,0min5sec
6680,-1.0907,0.4907,4.4042,0min5sec
6690,-1.0891,0.4901,4.4038,0min5sec
6700,-1.0876,0.4896,4.4034,0min5sec
6710,-1.0860,0.4891,4.4029,0min5sec
6720,-1.0845,0.4885,4.4025,0min5sec
6730,-1.0829,0.4880,4.4021,0min5sec
6740,-1.0813,0.4875,4.4016,0min5sec
6750,-1.0798,0.4869,4.4012,0min5sec
6760,-1.0783,0.4864,4.4007,0min5sec
6770,-1.0768,0.4859,4.4003,0min5sec
6780,-1.0752,0.4853,4.3999,0min5sec
6790,-1.0737,0.4848,4.3995,0min5sec
6800,-1.0722,0.4843,4.3990,0min5sec
6810,-1.0707,0.4838,4.3986,0min5sec
6820,-1.0691,0.4832,4.3982,0min5sec
6830,-1.0676,0.4827,4.3978,0min5sec
6840,-1.0661,0.4822,4.3974,0min5sec
6850,-1.0646,0.4817,4.3970,0min5sec
6860,-1.0631,0.4811,4.3965,0min5sec
6870,-1.0616,0.4806,4.3961,0min5sec
6880,-1.0601,0.4801,4.3957,0min5sec
6890,-1.0587,0.4796,4.3952,0min5sec
6900,-1.0572,0.4790,4.3948,0min5sec
6910,-1.0557,0.4785,4.3943,0min5sec
6920,-1.0543,0.4780,4.3939,0min5sec
6930,-1.0528,0.4775,4.3934,0min5sec
6940,-1.0514,0.4770,4.3930,0min5sec
6950,-1.0499,0.4764,4.3925,0min5sec
6960,-1.0485,0.4759,4.3921,0min5sec
6970,-1.0470,0.4754,4.3916,0min5sec
6980,-1.0456,0.4749,4.3912,0min5sec
6990,-1.0441,0.4744,4.3907,0min5sec
7000,-1.0427,0.4738,4.3903,0min5sec
7010,-1.0413,0.4733,4.3898,0min5sec
7020,-1.0398,0.4728,4.3894,0min5sec
7030,-1.0384,0.4723,4.3889,0min5sec
7040,-1.0370,0.4718,4.3885,0min5sec
7050,-1.0356,0.4713,4.3881,0min5sec
7060,-1.0342,0.4708,4.3877,0min5sec
7070,-1.0328,0.4702,4.3872,0min5sec
7080,-1.0314,0.4697,4.3868,0min5sec
7090,-1.0300,0.4692,4.3863,0min5sec
7100,-1.0286,0.4688,4.3859,0min5sec
7110,-1.0272,0.4683,4.3855,0min5sec
7120,-1.0258,0.4678,4.3851,0min5sec
7130,-1.0244,0.4673,4.3847,0min5sec
7140,-1.0230,0.4668,4.3842,0min5sec
7150,-1.0216,0.4663,4.3839,0min5sec
7160,-1.0203,0.4658,4.3834,0min5sec
7170,-1.0189,0.4653,4.3830,0min5sec
7180,-1.0175,0.4648,4.3826,0min5sec
7190,-1.0162,0.4643,4.3822,0min5sec
7200,-1.0148,0.4638,4.3818,0min5sec
7210,-1.0134,0.4633,4.3813,0min5sec
7220,-1.0120,0.4629,4.3809,0min5sec
7230,-1.0107,0.4624,4.3805,0min5sec
7240,-1.0094,0.4619,4.3801,0min5sec
7250,-1.0081,0.4614,4.3797,0min5sec
7260,-1.0067,0.4609,4.3793,0min5sec
7270,-1.0054,0.4604,4.3789,0min5sec
7280,-1.0040,0.4600,4.3785,0min5sec
7290,-1.0027,0.4595,4.3781,0min5sec
7300,-1.0014,0.4590,4.3777,0min5sec
7310,-1.0001,0.4586,4.3772,0min5sec
7320,-0.9988,0.4581,4.3768,0min5sec
7330,-0.9975,0.4576,4.3764,0min5sec
7340,-0.9962,0.4571,4.3760,0min5sec
7350,-0.9949,0.4567,4.3756,0min5sec
7360,-0.9936,0.4562,4.3752,0min5sec
7370,-0.9923,0.4557,4.3748,0min5sec
7380,-0.9910,0.4553,4.3745,0min5sec
7390,-0.9897,0.4548,4.3740,0min5sec
7400,-0.9884,0.4543,4.3736,0min5sec
7410,-0.9871,0.4539,4.3732,0min5sec
7420,-0.9857,0.4534,4.3728,0min5sec
7430,-0.9845,0.4530,4.3724,0min5sec
7440,-0.9832,0.4525,4.3720,0min5sec
7450,-0.9819,0.4520,4.3716,0min5sec
7460,-0.9807,0.4516,4.3712,0min5sec
7470,-0.9794,0.4511,4.3708,0min5sec
7480,-0.9781,0.4506,4.3704,0min5sec
7490,-0.9770,0.4502,4.3700,0min5sec
7500,-0.9758,0.4497,4.3696,0min5sec
7510,-0.9746,0.4493,4.3692,0min5sec
7520,-0.9733,0.4489,4.3688,0min5sec
7530,-0.9721,0.4484,4.3685,0min5sec
7540,-0.9708,0.4480,4.3681,0min5sec
7550,-0.9695,0.4476,4.3677,0min5sec
7560,-0.9683,0.4471,4.3673,0min5sec
7570,-0.9671,0.4467,4.3670,0min5sec
7580,-0.9658,0.4462,4.3666,0min5sec
7590,-0.9646,0.4458,4.3663,0min5sec
7600,-0.9634,0.4453,4.3659,0min5sec
7610,-0.9622,0.4449,4.3656,0min5sec
7620,-0.9610,0.4445,4.3652,0min5sec
7630,-0.9597,0.4440,4.3649,0min5sec
7640,-0.9585,0.4436,4.3645,0min5sec
7650,-0.9573,0.4432,4.3641,0min5sec
7660,-0.9561,0.4427,4.3638,0min5sec
7670,-0.9549,0.4423,4.3634,0min5sec
7680,-0.9538,0.4419,4.3630,0min5sec
7690,-0.9526,0.4414,4.3627,0min5sec
7700,-0.9514,0.4410,4.3623,0min5sec
7710,-0.9502,0.4405,4.3619,0min5sec
7720,-0.9491,0.4401,4.3615,0min5sec
7730,-0.9479,0.4397,4.3612,0min5sec
7740,-0.9467,0.4393,4.3608,0min5sec
7750,-0.9455,0.4388,4.3604,0min5sec
7760,-0.9443,0.4384,4.3600,0min5sec
7770,-0.9432,0.4380,4.3597,0min5sec
7780,-0.9420,0.4376,4.3593,0min5sec
7790,-0.9408,0.4372,4.3589,0min5sec
7800,-0.9397,0.4367,4.3586,0min5sec
7810,-0.9385,0.4363,4.3582,0min5sec
7820,-0.9374,0.4359,4.3578,0min5sec
7830,-0.9362,0.4355,4.3575,0min5sec
7840,-0.9351,0.4350,4.3571,0min5sec
7850,-0.9339,0.4346,4.3568,0min5sec
7860,-0.9328,0.4342,4.3564,0min5sec
7870,-0.9317,0.4338,4.3561,0min5sec
7880,-0.9305,0.4334,4.3557,0min5sec
7890,-0.9294,0.4330,4.3554,0min5sec
7900,-0.9283,0.4326,4.3550,0min5sec
7910,-0.9272,0.4322,4.3546,0min5sec
7920,-0.9261,0.4318,4.3542,0min5sec
7930,-0.9249,0.4314,4.3539,0min5sec
7940,-0.9238,0.4310,4.3535,0min5sec
7950,-0.9227,0.4306,4.3532,0min5sec
7960,-0.9216,0.4302,4.3528,0min5sec
7970,-0.9205,0.4298,4.3525,0min5sec
7980,-0.9194,0.4294,4.3522,0min5sec
7990,-0.9183,0.4290,4.3518,0min5sec
8000,-0.9173,0.4286,4.3515,0min5sec
8010,-0.9161,0.4282,4.3512,0min5sec
8020,-0.9151,0.4278,4.3509,0min5sec
8030,-0.9140,0.4274,4.3505,0min5sec
8040,-0.9129,0.4270,4.3502,0min5sec
8050,-0.9119,0.4266,4.3498,0min5sec
8060,-0.9108,0.4262,4.3495,0min5sec
8070,-0.9097,0.4258,4.3491,0min5sec
8080,-0.9086,0.4254,4.3488,0min5sec
8090,-0.9075,0.4250,4.3485,0min5sec
8100,-0.9065,0.4246,4.3481,0min5sec
8110,-0.9054,0.4242,4.3477,0min5sec
8120,-0.9043,0.4238,4.3474,0min5sec
8130,-0.9032,0.4234,4.3470,0min5sec
8140,-0.9022,0.4230,4.3467,0min5sec
8150,-0.9011,0.4227,4.3464,0min5sec
8160,-0.9001,0.4223,4.3460,0min5sec
8170,-0.8990,0.4219,4.3457,0min5sec
8180,-0.8979,0.4215,4.3453,0min5sec
8190,-0.8969,0.4211,4.3450,0min5sec
8200,-0.8959,0.4207,4.3447,0min5sec
8210,-0.8948,0.4203,4.3443,0min5sec
8220,-0.8938,0.4200,4.3440,0min5sec
8230,-0.8927,0.4196,4.3436,0min5sec
8240,-0.8917,0.4192,4.3433,0min5sec
8250,-0.8907,0.4188,4.3429,0min5sec
8260,-0.8897,0.4184,4.3426,0min5sec
8270,-0.8887,0.4181,4.3423,0min5sec
8280,-0.8876,0.4177,4.3420,0min5sec
8290,-0.8866,0.4173,4.3416,0min5sec
8300,-0.8856,0.4169,4.3413,0min5sec
8310,-0.8846,0.4166,4.3410,0min5sec
8320,-0.8836,0.4162,4.3406,0min5sec
8330,-0.8826,0.4158,4.3403,0min5sec
8340,-0.8816,0.4155,4.3400,0min5sec
8350,-0.8805,0.4151,4.3397,0min5sec
8360,-0.8795,0.4147,4.3394,0min5sec
8370,-0.8786,0.4144,4.3391,0min5sec
8380,-0.8776,0.4140,4.3388,0min5sec
8390,-0.8766,0.4136,4.3384,0min5sec
8400,-0.8756,0.4132,4.3381,0min5sec
8410,-0.8746,0.4129,4.3378,0min5sec
8420,-0.8736,0.4125,4.3375,0min5sec
8430,-0.8726,0.4121,4.3372,0min5sec
8440,-0.8717,0.4118,4.3369,0min5sec
8450,-0.8707,0.4114,4.3366,0min5sec
8460,-0.8697,0.4110,4.3363,0min5sec
8470,-0.8687,0.4107,4.3360,0min5sec
8480,-0.8677,0.4103,4.3356,0min5sec
8490,-0.8668,0.4099,4.3353,0min5sec
8500,-0.8658,0.4096,4.3350,0min5sec
8510,-0.8649,0.4092,4.3347,0min5sec
8520,-0.8639,0.4088,4.3344,0min5sec
8530,-0.8629,0.4085,4.3341,0min5sec
8540,-0.8620,0.4081,4.3338,0min5sec
8550,-0.8610,0.4078,4.3335,0min5sec
8560,-0.8600,0.4074,4.3331,0min5sec
8570,-0.8591,0.4071,4.3329,0min5sec
8580,-0.8581,0.4067,4.3326,0min5sec
8590,-0.8571,0.4064,4.3323,0min5sec
8600,-0.8562,0.4060,4.3320,0min5sec
8610,-0.8553,0.4057,4.3316,0min5sec
8620,-0.8543,0.4053,4.3313,0min5sec
8630,-0.8534,0.4050,4.3310,0min5sec
8640,-0.8524,0.4046,4.3307,0min5sec
8650,-0.8515,0.4043,4.3303,0min5sec
8660,-0.8506,0.4039,4.3300,0min5sec
8670,-0.8496,0.4036,4.3297,0min5sec
8680,-0.8487,0.4032,4.3294,0min5sec
8690,-0.8478,0.4028,4.3291,0min5sec
8700,-0.8468,0.4025,4.3288,0min5sec
8710,-0.8459,0.4021,4.3285,0min5sec
8720,-0.8449,0.4018,4.3282,0min5sec
8730,-0.8440,0.4015,4.3279,0min5sec
8740,-0.8430,0.4011,4.3276,0min5sec
8750,-0.8421,0.4008,4.3273,0min5sec
8760,-0.8412,0.4004,4.3271,0min5sec
8770,-0.8402,0.4001,4.3268,0min5sec
8780,-0.8393,0.3997,4.3265,0min5sec
8790,-0.8384,0.3994,4.3262,0min5sec
8800,-0.8375,0.3991,4.3259,0min5sec
8810,-0.8367,0.3987,4.3257,0min5sec
8820,-0.8357,0.3984,4.3254,0min5sec
8830,-34.2708,0.3981,4.3251,0min5sec
8840,-34.2321,0.3978,4.3248,0min5sec
8850,-34.1934,0.3974,4.3245,0min5sec
8860,-34.1549,0.3971,4.3242,0min5sec
8870,-34.1164,0.3968,4.3240,0min5sec
8880,-34.0780,0.3964,4.3237,0min5sec
8890,-34.0398,0.3961,4.3234,0min5sec
8900,-34.0015,0.3958,4.3231,0min5sec
8910,-33.9634,0.3955,4.3228,0min5sec
8920,-33.9254,0.3951,4.3225,0min5sec
8930,-33.8874,0.3948,4.3223,0min5sec
8940,-33.8496,0.3945,4.3220,0min5sec
8950,-33.8118,0.3942,4.3217,0min5sec
8960,-33.7741,0.3938,4.3214,0min5sec
8970,-33.7365,0.3935,4.3211,0min5sec
8980,-33.6990,0.3932,4.3209,0min5sec
8990,-33.6615,0.3929,4.3206,0min5sec
9000,-33.6241,0.3926,4.3203,0min5sec
9010,-33.5869,0.3922,4.3200,0min5sec
9020,-33.5497,0.3919,4.3197,0min5sec
9030,-33.5126,0.3916,4.3194,0min5sec
9040,-33.4756,0.3913,4.3192,0min5sec
9050,-33.4386,0.3909,4.3189,0min5sec
9060,-33.4017,0.3906,4.3186,0min5sec
9070,-33.3650,0.3903,4.3183,0min5sec
9080,-33.3283,0.3900,4.3181,0min5sec
9090,-33.2917,0.3896,4.3178,0min5sec
9100,-33.2551,0.3893,4.3175,0min5sec
9110,-33.2187,0.3890,4.3172,0min5sec
9120,-33.1823,0.3887,4.3170,0min5sec
9130,-33.1460,0.3883,4.3167,0min5sec
9140,-33.1098,0.3880,4.3164,0min5sec
9150,-33.0737,0.3877,4.3161,0min5sec
9160,-33.0376,0.3874,4.3158,0min5sec
9170,-33.0016,0.3870,4.3155,0min5sec
9180,-32.9657,0.3867,4.3153,0min5sec
9190,-32.9299,0.3864,4.3150,0min5sec
9200,-32.8942,0.3861,4.3147,0min5sec
9210,-32.8585,0.3858,4.3145,0min5sec
9220,-32.8229,0.3855,4.3142,0min5sec
9230,-32.7873,0.3851,4.3139,0min5sec
9240,-32.7519,0.3848,4.3136,0min5sec
9250,-32.7165,0.3845,4.3134,0min5sec
9260,-32.6812,0.3842,4.3131,0min5sec
9270,-32.6460,0.3839,4.3128,0min5sec
9280,-32.6109,0.3835,4.3125,0min5sec
9290,-32.5758,0.3832,4.3122,0min5sec
9300,-32.5408,0.3829,4.3120,0min5sec
9310,-32.5059,0.3826,4.3117,0min5sec
9320,-32.4710,0.3823,4.3114,0min5sec
9330,-32.4363,0.3820,4.3112,0min5sec
9340,-32.4016,0.3817,4.3109,0min5sec
9350,-32.3670,0.3814,4.3106,0min5sec
9360,-32.3324,0.3811,4.3104,0min5sec
9370,-32.2980,0.3807,4.3101,0min5sec
9380,-32.2636,0.3804,4.3099,0min5sec
9390,-32.2293,0.3801,4.3096,0min5sec
9400,-32.1950,0.3798,4.3093,0min5sec
9410,-32.1609,0.3795,4.3090,0min5sec
9420,-32.1268,0.3792,4.3088,0min5sec
9430,-32.0927,0.3789,4.3085,0min5sec
9440,-32.0588,0.3786,4.3082,0min5sec
9450,-32.0249,0.3783,4.3080,0min5sec
9460,-31.9910,0.3780,4.3077,0min5sec
9470,-31.9573,0.3777,4.3074,0min5sec
9480,-31.9236,0.3774,4.3072,0min5sec
9490,-31.8901,0.3771,4.3069,0min5sec
9500,-31.8565,0.3768,4.3067,0min5sec
9510,-31.8231,0.3765,4.3064,0min5sec
9520,-31.7897,0.3762,4.3061,0min5sec
9530,-31.7564,0.3759,4.3059,0min5sec
9540,-31.7231,0.3756,4.3056,0min5sec
9550,-31.6900,0.3753,4.3054,0min5sec
9560,-31.6568,0.3750,4.3051,0min5sec
9570,-31.6238,0.3747,4.3049,0min5sec
9580,-31.5908,0.3744,4.3046,0min5sec
9590,-31.5580,0.3741,4.3044,0min5sec
9600,-31.5252,0.3738,4.3042,0min5sec
9610,-31.4924,0.3735,4.3040,0min5sec
9620,-31.4597,0.3732,4.3037,0min5sec
9630,-31.4271,0.3729,4.3035,0min5sec
9640,-31.3945,0.3726,4.3032,0min5sec
9650,-31.3620,0.3723,4.3030,0min5sec
9660,-31.3296,0.3721,4.3027,0min5sec
9670,-31.2972,0.3718,4.3025,0min5sec
9680,-31.2649,0.3715,4.3022,0min5sec
9690,-31.2327,0.3712,4.3020,0min5sec
9700,-31.2005,0.3709,4.3017,0min5sec
9710,-31.1684,0.3706,4.3015,0min5sec
9720,-31.1364,0.3703,4.3012,0min5sec
9730,-31.1044,0.3700,4.3010,0min5sec
9740,-31.0726,0.3697,4.3008,0min5sec
9750,-31.0407,0.3694,4.3005,0min5sec
9760,-31.0090,0.3691,4.3003,0min5sec
9770,-30.9773,0.3688,4.3000,0min5sec
9780,-30.9456,0.3686,4.2998,0min5sec
9790,-30.9141,0.3683,4.2996,0min5sec
9800,-30.8826,0.3680,4.2993,0min5sec
9810,-30.8511,0.3677,4.2990,0min5sec
9820,-30.8197,0.3674,4.2988,0min5sec
9830,-30.7884,0.3671,4.2985,0min5sec
9840,-30.7571,0.3668,4.2983,0min5sec
9850,-30.7260,0.3665,4.2980,0min5sec
9860,-30.6948,0.3662,4.2978,0min5sec
9870,-30.6638,0.3660,4.2976,0min5sec
9880,-30.6328,0.3657,4.2973,0min5sec
9890,-30.6019,0.3654,4.2971,0min5sec
9900,-30.5710,0.3651,4.2968,0min5sec
9910,-30.5402,0.3648,4.2966,0min5sec
9920,-30.5094,0.3645,4.2964,0min5sec
9930,-30.4788,0.3642,4.2961,0min5sec
9940,-30.4481,0.3640,4.2959,0min5sec
9950,-30.4176,0.3637,4.2956,0min5sec
9960,-30.3871,0.3634,4.2954,0min5sec
9970,-30.3566,0.3631,4.2952,0min5sec
9980,-30.3263,0.3628,4.2949,0min5sec
9990,-30.2959,0.3625,4.2947,0min5sec
10000,-30.2657,0.3623,4.2944,0min5sec
10010,-30.2355,0.3620,4.2942,0min5sec
10020,-30.2054,0.3617,4.2940,0min5sec
10030,-30.1753,0.3614,4.2937,0min5sec
10040,-30.1453,0.3611,4.2935,0min5sec
10050,-30.1154,0.3609,4.2933,0min5sec
10060,-30.0855,0.3606,4.2930,0min5sec
10070,-30.0556,0.3603,4.2928,0min5sec
10080,-30.0259,0.3600,4.2925,0min5sec
10090,-29.9961,0.3597,4.2923,0min5sec
10100,-29.9665,0.3595,4.2921,0min5sec
10110,-29.9369,0.3592,4.2918,0min5sec
10120,-29.9073,0.3589,4.2916,0min5sec
10130,-29.8778,0.3587,4.2914,0min5sec
10140,-29.8484,0.3584,4.2911,0min5sec
10150,-29.8190,0.3581,4.2909,0min5sec
10160,-29.7897,0.3578,4.2906,0min5sec
10170,-29.7604,0.3576,4.2904,0min5sec
10180,-29.7312,0.3573,4.2901,0min5sec
10190,-29.7021,0.3570,4.2899,0min5sec
10200,-29.6730,0.3568,4.2897,0min5sec
10210,-29.6440,0.3565,4.2895,0min5sec
10220,-29.6150,0.3562,4.2892,0min5sec
10230,-29.5861,0.3560,4.2890,0min5sec
10240,-29.5572,0.3557,4.2888,0min5sec
10250,-29.5285,0.3554,4.2886,0min5sec
10260,-29.4997,0.3551,4.2884,0min5sec
10270,-29.4710,0.3549,4.2881,0min5sec
10280,-29.4424,0.3546,4.2879,0min5sec
10290,-29.4138,0.3543,4.2877,0min5sec
10300,-29.3853,0.3541,4.2874,0min5sec
10310,-29.3569,0.3538,4.2872,0min5sec
10320,-29.3284,0.3535,4.2870,0min5sec
10330,-29.3000,0.3533,4.2867,0min5sec
10340,-29.2718,0.3530,4.2865,0min5sec
10350,-29.2436,0.3528,4.2863,0min5sec
10360,-29.2154,0.3525,4.2861,0min5sec
10370,-29.1872,0.3522,4.2858,0min5sec
10380,-29.1592,0.3520,4.2856,0min5sec
10390,-29.1311,0.3517,4.2854,0min5sec
10400,-29.1032,0.3515,4.2851,0min5sec
10410,-29.0752,0.3512,4.2849,0min5sec
10420,-29.0474,0.3509,4.2847,0min5sec
10430,-29.0196,0.3506,4.2844,0min5sec
10440,-28.9918,0.3504,4.2842,0min5sec
10450,-28.9641,0.3501,4.2840,0min5sec
10460,-28.9365,0.3499,4.2838,0min5sec
10470,-28.9088,0.3496,4.2835,0min5sec
10480,-28.8812,0.3494,4.2833,0min5sec
10490,-28.8537,0.3491,4.2831,0min5sec
10500,-28.8263,0.3489,4.2829,0min5sec
10510,-28.7989,0.3486,4.2826,0min5sec
10520,-28.7716,0.3484,4.2824,0min5sec
10530,-28.7443,0.3481,4.2822,0min5sec
10540,-28.7171,0.3478,4.2820,0min5sec
10550,-28.6899,0.3476,4.2818,0min5sec
10560,-28.6628,0.3473,4.2815,0min5sec
10570,-28.6357,0.3471,4.2813,0min5sec
10580,-28.6087,0.3468,4.2811,0min5sec
10590,-28.5817,0.3465,4.2809,0min5sec
10600,-28.5548,0.3463,4.2807,0min5sec
10610,-28.5279,0.3460,4.2804,0min5sec
10620,-28.5010,0.3458,4.2802,0min5sec
10630,-28.4742,0.3455,4.2800,0min5sec
10640,-28.4475,0.3453,4.2798,0min5sec
10650,-28.4208,0.3450,4.2795,0min5sec
10660,-28.3942,0.3448,4.2793,0min5sec
10670,-28.3676,0.3445,4.2791,0min5sec
10680,-28.3411,0.3443,4.2789,0min5sec
10690,-28.3146,0.3440,4.2787,0min5sec
10700,-28.2882,0.3438,4.2785,0min5sec
10710,-28.2618,0.3435,4.2783,0min5sec
10720,-28.2355,0.3433,4.2781,0min5sec
10730,-28.2092,0.3430,4.2779,0min5sec
10740,-28.1830,0.3428,4.2777,0min5sec
10750,-28.1568,0.3425,4.2775,0min5sec
10760,-28.1307,0.3423,4.2772,0min5sec
10770,-28.1046,0.3420,4.2770,0min5sec
10780,-28.0786,0.3418,4.2768,0min5sec
10790,-28.0526,0.3416,4.2766,0min5sec
10800,-28.0267,0.3413,4.2764,0min5sec
10810,-28.0008,0.3411,4.2762,0min5sec
10820,-27.9749,0.3408,4.2760,0min5sec
10830,-27.9491,0.3406,4.2757,0min5sec
10840,-27.9234,0.3403,4.2755,0min5sec
10850,-27.8977,0.3401,4.2753,0min5sec
10860,-27.8720,0.3398,4.2751,0min5sec
10870,-27.8464,0.3396,4.2749,0min5sec
10880,-27.8209,0.3393,4.2747,0min5sec
10890,-27.7954,0.3391,4.2744,0min5sec
10900,-27.7699,0.3389,4.2742,0min5sec
10910,-27.7445,0.3386,4.2740,0min5sec
10920,-27.7192,0.3384,4.2738,0min5sec
10930,-27.6938,0.3382,4.2736,0min5sec
10940,-27.6685,0.3379,4.2734,0min5sec
10950,-27.6433,0.3377,4.2732,0min5sec
10960,-27.6181,0.3374,4.2730,0min5sec
10970,-27.5929,0.3372,4.2728,0min5sec
10980,-27.5678,0.3369,4.2725,0min5sec
10990,-27.5428,0.3367,4.2723,0min5sec
11000,-27.5178,0.3365,4.2721,0min5sec
11010,-27.4928,0.3362,4.2719,0min5sec
11020,-27.4679,0.3360,4.2717,0min5sec
11030,-27.4430,0.3357,4.2715,0min5sec
11040,-27.4182,0.3355,4.2713,0min5sec
11050,-27.3934,0.3353,4.2711,0min5sec
11060,-27.3687,0.3350,4.2709,0min5sec
11070,-27.3440,0.3348,4.2707,0min5sec
11080,-27.3194,0.3346,4.2705,0min5sec
11090,-27.2948,0.3343,4.2703,0min5sec
11100,-27.2702,0.3341,4.2701,0min5sec
11110,-27.2457,0.3339,4.2699,0min5sec
11120,-27.2212,0.3336,4.2698,0min5sec
11130,-27.1968,0.3334,4.2696,0min5sec
11140,-27.1724,0.3332,4.2694,0min5sec
11150,-27.1481,0.3329,4.2692,0min5sec
11160,-27.1238,0.3327,4.2690,0min5sec
11170,-27.0996,0.3325,4.2688,0min5sec
11180,-27.0754,0.3323,4.2686,0min5sec
11190,-27.0512,0.3320,4.2684,0min5sec
11200,-27.0271,0.3318,4.2682,0min5sec
11210,-27.0030,0.3316,4.2680,0min5sec
11220,-26.9790,0.3313,4.2678,0min5sec
11230,-26.9550,0.3311,4.2676,0min5sec
11240,-26.9310,0.3309,4.2674,0min5sec
11250,-26.9071,0.3306,4.2672,0min5sec
11260,-26.8833,0.3304,4.2670,0min5sec
11270,-26.8594,0.3302,4.2667,0min5sec
11280,-26.8357,0.3299,4.2666,0min5sec
11290,-26.8119,0.3297,4.2663,0min5sec
11300,-26.7882,0.3295,4.2662,0min5sec
11310,-26.7646,0.3293,4.2660,0min5sec
11320,-26.7410,0.3290,4.2658,0min5sec
11330,-26.7174,0.3288,4.2656,0min5sec
11340,-26.6938,0.3286,4.2654,0min5sec
11350,-26.6704,0.3284,4.2652,0min5sec
11360,-26.6469,0.3281,4.2650,0min5sec
11370,-26.6235,0.3279,4.2648,0min5sec
11380,-26.6001,0.3277,4.2646,0min5sec
11390,-26.5768,0.3274,4.2644,0min5sec
11400,-26.5535,0.3272,4.2642,0min5sec
11410,-26.5303,0.3270,4.2640,0min5sec
11420,-26.5071,0.3267,4.2638,0min5sec
11430,-26.4839,0.3265,4.2636,0min5sec
11440,-26.4608,0.3263,4.2634,0min5sec
11450,-26.4377,0.3261,4.2632,0min5sec
11460,-26.4147,0.3259,4.2630,0min5sec
11470,-26.3917,0.3256,4.2628,0min5sec
11480,-26.3687,0.3254,4.2626,0min5sec
11490,-26.3458,0.3252,4.2624,0min5sec
11500,-26.3229,0.3250,4.2623,0min5sec
11510,-26.3001,0.3247,4.2621,0min5sec
11520,-26.2773,0.3245,4.2619,0min5sec
11530,-26.2546,0.3243,4.2617,0min5sec
11540,-26.2319,0.3241,4.2615,0min5sec
11550,-26.2092,0.3239,4.2613,0min5sec
11560,-26.1865,0.3236,4.2611,0min5sec
11570,-26.1640,0.3234,4.2610,0min5sec
11580,-26.1414,0.3232,4.2608,0min5sec
11590,-26.1189,0.3230,4.2606,0min5sec
11600,-26.0964,0.3228,4.2604,0min5sec
11610,-26.0739,0.3225,4.2602,0min5sec
11620,-26.0516,0.3223,4.2600,0min5sec
11630,-26.0292,0.3221,4.2598,0min5sec
11640,-26.0068,0.3219,4.2597,0min5sec
11650,-25.9845,0.3217,4.2595,0min5sec
11660,-25.9623,0.3215,4.2593,0min5sec
11670,-25.9401,0.3213,4.2591,0min5sec
11680,-25.9179,0.3211,4.2589,0min5sec
11690,-25.8958,0.3209,4.2587,0min5sec
11700,-25.8737,0.3206,4.2586,0min5sec
11710,-25.8516,0.3204,4.2584,0min5sec
11720,-25.8296,0.3202,4.2582,0min5sec
11730,-25.8076,0.3200,4.2580,0min5sec
11740,-25.7856,0.3198,4.2578,0min5sec
11750,-25.7637,0.3196,4.2576,0min5sec
11760,-25.7418,0.3194,4.2574,0min5sec
11770,-25.7200,0.3191,4.2572,0min5sec
11780,-25.6982,0.3189,4.2571,0min5sec
11790,-25.6764,0.3187,4.2569,0min5sec
11800,-25.6547,0.3185,4.2567,0min5sec
11810,-25.6330,0.3183,4.2565,0min5sec
11820,-25.6114,0.3181,4.2563,0min5sec
11830,-25.5897,0.3179,4.2562,0min5sec
11840,-25.5682,0.3177,4.2560,0min5sec
11850,-25.5466,0.3175,4.2558,0min5sec
11860,-25.5251,0.3173,4.2556,0min5sec
11870,-25.5036,0.3171,4.2555,0min5sec
11880,-25.4822,0.3169,4.2553,0min5sec
11890,-25.4608,0.3167,4.2551,0min5sec
11900,-25.4394,0.3165,4.2549,0min5sec
11910,-25.4181,0.3163,4.2548,0min5sec
11920,-25.3968,0.3160,4.2546,0min5sec
11930,-25.3755,0.3158,4.2544,0min5sec
11940,-25.3544,0.3156,4.2542,0min5sec
11950,-25.3332,0.3154,4.2540,0min5sec
11960,-25.3120,0.3152,4.2539,0min5sec
11970,-25.2909,0.3150,4.2537,0min5sec
11980,-25.2698,0.3148,4.2535,0min5sec
11990,-25.2488,0.3146,4.2533,0min5sec
12000,-25.2278,0.3144,4.2532,0min5sec
12010,-25.2068,0.3142,4.2530,0min5sec
12020,-25.1858,0.3140,4.2528,0min5sec
12030,-25.1650,0.3138,4.2526,0min5sec
12040,-25.1441,0.3136,4.2525,0min5sec
12050,-25.1232,0.3134,4.2523,0min5sec
12060,-25.1024,0.3132,4.2521,0min5sec
12070,-25.0817,0.3130,4.2519,0min5sec
12080,-25.0609,0.3128,4.2517,0min5sec
12090,-25.0402,0.3126,4.2516,0min5sec
12100,-25.0196,0.3123,4.2514,0min5sec
12110,-24.9989,0.3121,4.2512,0min5sec
12120,-24.9783,0.3119,4.2510,0min5sec
12130,-24.9578,0.3117,4.2508,0min5sec
12140,-24.9372,0.3115,4.2507,0min5sec
12150,-24.9167,0.3113,4.2505,0min5sec
12160,-24.8963,0.3111,4.2503,0min5sec
12170,-24.8759,0.3109,4.2502,0min5sec
12180,-24.8554,0.3107,4.2500,0min5sec
12190,-24.8351,0.3105,4.2498,0min5sec
12200,-24.8148,0.3103,4.2496,0min5sec
12210,-24.7945,0.3101,4.2495,0min5sec
12220,-24.7742,0.3099,4.2493,0min5sec
12230,-24.7540,0.3097,4.2491,0min5sec
12240,-24.7338,0.3095,4.2489,0min5sec
12250,-24.7137,0.3093,4.2488,0min5sec
12260,-24.6935,0.3091,4.2486,0min5sec
12270,-24.6734,0.3089,4.2484,0min5sec
12280,-24.6534,0.3087,4.2483,0min5sec
12290,-24.6333,0.3085,4.2481,0min5sec
12300,-24.6133,0.3083,4.2479,0min5sec
12310,-24.5934,0.3081,4.2477,0min5sec
12320,-24.5734,0.3079,4.2476,0min5sec
12330,-24.5535,0.3077,4.2474,0min5sec
12340,-24.5337,0.3075,4.2472,0min5sec
12350,-24.5138,0.3073,4.2471,0min5sec
12360,-24.4940,0.3071,4.2469,0min5sec
12370,-24.4742,0.3070,4.2467,0min5sec
12380,-24.4545,0.3068,4.2465,0min5sec
12390,-24.4348,0.3066,4.2464,0min5sec
12400,-24.4152,0.3064,4.2462,0min5sec
12410,-24.3955,0.3062,4.2460,0min5sec
12420,-24.3759,0.3060,4.2459,0min5sec
12430,-24.3563,0.3058,4.2457,0min5sec
12440,-24.3368,0.3056,4.2455,0min5sec
12450,-24.3172,0.3054,4.2454,0min5sec
12460,-24.2978,0.3052,4.2452,0min5sec
12470,-24.2783,0.3050,4.2450,0min5sec
12480,-24.2589,0.3048,4.2449,0min5sec
12490,-24.2395,0.3046,4.2447,0min5sec
12500,-24.2201,0.3044,4.2446,0min5sec
12510,-24.2008,0.3043,4.2444,0min5sec
12520,-24.1815,0.3041,4.2442,0min5sec
12530,-24.1622,0.3039,4.2441,0min5sec
12540,-24.1430,0.3037,4.2439,0min5sec
12550,-24.1238,0.3035,4.2437,0min5sec
12560,-24.1046,0.3033,4.2436,0min5sec
12570,-24.0855,0.3031,4.2434,0min5sec
12580,-24.0663,0.3029,4.2432,0min5sec
12590,-24.0472,0.3027,4.2431,0min5sec
12600,-24.0282,0.3025,4.2429,0min5sec
12610,-24.0092,0.3023,4.2428,0min5sec
12620,-23.9902,0.3021,4.2426,0min5sec
12630,-23.9712,0.3020,4.2425,0min5sec
12640,-23.9523,0.3018,4.2423,0min5sec
12650,-23.9334,0.3016,4.2422,0min5sec
12660,-23.9145,0.3014,4.2420,0min5sec
12670,-23.8956,0.3012,4.2418,0min5sec
12680,-23.8768,0.3010,4.2417,0min5sec
12690,-23.8580,0.3008,4.2415,0min5sec
12700,-23.8393,0.3006,4.2413,0min5sec
12710,-23.8206,0.3004,4.2412,0min5sec
12720,-23.8019,0.3003,4.2410,0min5sec
12730,-23.7832,0.3001,4.2409,0min5sec
12740,-23.7646,0.2999,4.2407,0min5sec
12750,-23.7460,0.2997,4.2405,0min5sec
12760,-23.7274,0.2995,4.2404,0min5sec
12770,-23.7089,0.2993,4.2402,0min5sec
12780,-23.6903,0.2992,4.2400,0min5sec
12790,-23.6719,0.2990,4.2399,0min5sec
12800,-23.6534,0.2988,4.2397,0min5sec
12810,-23.6350,0.2986,4.2396,0min5sec
12820,-23.6165,0.2984,4.2394,0min5sec
12830,-23.5982,0.2982,4.2392,0min5sec
12840,-23.5798,0.2980,4.2391,0min5sec
12850,-23.5615,0.2979,4.2389,0min5sec
12860,-23.5432,0.2977,4.2388,0min5sec
12870,-23.5249,0.2975,4.2386,0min5sec
12880,-23.5067,0.2973,4.2385,0min5sec
12890,-23.4885,0.2971,4.2383,0min5sec
12900,-23.4703,0.2969,4.2382,0min5sec
12910,-23.4522,0.2968,4.2380,0min5sec
12920,-23.4340,0.2966,4.2379,0min5sec
12930,-23.4160,0.2964,4.2378,0min5sec
12940,-23.3979,0.2962,4.2376,0min5sec
12950,-23.3799,0.2961,4.2374,0min5sec
12960,-23.3618,0.2959,4.2373,0min5sec
12970,-23.3438,0.2957,4.2371,0min5sec
12980,-23.3259,0.2955,4.2370,0min5sec
12990,-23.3080,0.2953,4.2368,0min5sec
13000,-23.2901,0.2952,4.2367,0min5sec
13010,-23.2722,0.2950,4.2365,0min5sec
13020,-23.2543,0.2948,4.2364,0min5sec
13030,-23.2365,0.2946,4.2362,0min5sec
13040,-23.2188,0.2944,4.2361,0min5sec
13050,-23.2010,0.2943,4.2359,0min5sec
13060,-23.1832,0.2941,4.2358,0min5sec
13070,-23.1655,0.2939,4.2356,0min5sec
13080,-23.1478,0.2937,4.2355,0min5sec
13090,-23.1302,0.2935,4.2353,0min5sec
13100,-23.1126,0.2934,4.2352,0min5sec
13110,-23.0950,0.2932,4.2350,0min5sec
13120,-23.0774,0.2930,4.2349,0min5sec
13130,-23.0598,0.2928,4.2347,0min5sec
13140,-23.0423,0.2927,4.2346,0min5sec
13150,-23.0248,0.2925,4.2344,0min5sec
13160,-23.0074,0.2923,4.2343,0min5sec
13170,-22.9899,0.2921,4.2341,0min5sec
13180,-22.9725,0.2920,4.2340,0min5sec
13190,-22.9551,0.2918,4.2338,0min5sec
13200,-22.9378,0.2916,4.2337,0min5sec
13210,-22.9205,0.2914,4.2335,0min5sec
13220,-22.9031,0.2912,4.2334,0min5sec
13230,-22.8859,0.2911,4.2332,0min5sec
13240,-22.8686,0.2909,4.2331,0min5sec
13250,-22.8514,0.2907,4.2329,0min5sec
13260,-22.8342,0.2905,4.2328,0min5sec
13270,-22.8170,0.2904,4.2326,0min5sec
13280,-22.7998,0.2902,4.2325,0min5sec
13290,-22.7827,0.2900,4.2323,0min5sec
13300,-22.7656,0.2899,4.2322,0min5sec
13310,-22.7486,0.2897,4.2320,0min5sec
13320,-22.7315,0.2895,4.2319,0min5sec
13330,-22.7145,0.2893,4.2317,0min5sec
13340,-22.6975,0.2892,4.2316,0min5sec
13350,-22.6805,0.2890,4.2315,0min5sec
13360,-22.6636,0.2888,4.2313,0min5sec
13370,-22.6466,0.2887,4.2311,0min5sec
13380,-22.6298,0.2885,4.2310,0min5sec
13390,-22.6129,0.2883,4.2308,0min5sec
13400,-22.5960,0.2882,4.2307,0min5sec
13410,-22.5792,0.2880,4.2305,0min5sec
13420,-22.5624,0.2878,4.2304,0min5sec
13430,-22.5456,0.2876,4.2302,0min5sec
13440,-22.5289,0.2875,4.2301,0min5sec
13450,-22.5122,0.2873,4.2300,0min5sec
13460,-22.4954,0.2871,4.2298,0min5sec
13470,-22.4788,0.2870,4.2297,0min5sec
13480,-22.4621,0.2868,4.2295,0min5sec
13490,-22.4455,0.2866,4.2294,0min5sec
13500,-22.4289,0.2865,4.2292,0min5sec
13510,-22.4123,0.2863,4.2291,0min5sec
13520,-22.3958,0.2861,4.2290,0min5sec
13530,-22.3793,0.2860,4.2288,0min5sec
13540,-22.3627,0.2858,4.2287,0min5sec
13550,-22.3463,0.2856,4.2285,0min5sec
13560,-22.3298,0.2854,4.2284,0min5sec
13570,-22.3134,0.2853,4.2282,0min5sec
13580,-22.2970,0.2851,4.2281,0min5sec
13590,-22.2806,0.2849,4.2279,0min5sec
13600,-22.2643,0.2848,4.2278,0min5sec
13610,-22.2479,0.2846,4.2276,0min5sec
13620,-22.2316,0.2844,4.2275,0min5sec
13630,-22.2154,0.2843,4.2273,0min5sec
13640,-22.1991,0.2841,4.2272,0min5sec
13650,-22.1829,0.2840,4.2271,0min5sec
13660,-22.1667,0.2838,4.2269,0min5sec
13670,-22.1505,0.2836,4.2268,0min5sec
13680,-22.1343,0.2835,4.2266,0min5sec
13690,-22.1182,0.2833,4.2265,0min5sec
13700,-22.1021,0.2831,4.2263,0min5sec
13710,-22.0860,0.2830,4.2262,0min5sec
13720,-22.0699,0.2828,4.2260,0min5sec
13730,-22.0539,0.2826,4.2259,0min5sec
13740,-22.0378,0.2825,4.2258,0min5sec
13750,-22.0218,0.2823,4.2256,0min5sec
13760,-22.0059,0.2822,4.2255,0min5sec
13770,-21.9899,0.2820,4.2253,0min5sec
13780,-21.9740,0.2818,4.2252,0min5sec
13790,-21.9581,0.2817,4.2250,0min5sec
13800,-21.9422,0.2815,4.2249,0min5sec
13810,-21.9263,0.2813,4.2248,0min5sec
13820,-21.9105,0.2812,4.2246,0min5sec
13830,-21.8947,0.2810,4.2245,0min5sec
13840,-21.8789,0.2809,4.2243,0min5sec
13850,-21.8631,0.2807,4.2242,0min5sec
13860,-21.8473,0.2806,4.2240,0min5sec
13870,-21.8316,0.2804,4.2239,0min5sec
13880,-21.8159,0.2802,4.2238,0min5sec
13890,-21.8002,0.2801,4.2236,0min5sec
13900,-21.7846,0.2799,4.2235,0min5sec
13910,-21.7689,0.2798,4.2234,0min5sec
13920,-21.7533,0.2796,4.2232,0min5sec
13930,-21.7377,0.2794,4.2231,0min5sec
13940,-21.7221,0.2793,4.2229,0min5sec
13950,-21.7066,0.2791,4.2228,0min5sec
13960,-21.6911,0.2790,4.2227,0min5sec
13970,-21.6756,0.2788,4.2225,0min5sec
13980,-21.6601,0.2786,4.2224,0min5sec
13990,-21.6446,0.2785,4.2223,0min5sec
14000,-21.6292,0.2783,4.2221,0min5sec
14010,-21.6138,0.2782,4.2220,0min5sec
14020,-21.5984,0.2780,4.2219,0min5sec
14030,-21.5830,0.2779,4.2217,0min5sec
14040,-21.5677,0.2777,4.2216,0min5sec
14050,-21.5523,0.2776,4.2214,0min5sec
14060,-21.5370,0.2774,4.2213,0min5sec
14070,-21.5217,0.2772,4.2212,0min5sec
14080,-21.5065,0.2771,4.2210,0min5sec
14090,-21.4912,0.2769,4.2209,0min5sec
14100,-21.4760,0.2768,4.2208,0min5sec
14110,-21.4608,0.2766,4.2206,0min5sec
14120,-21.4457,0.2765,4.2205,0min5sec
14130,-21.4305,0.2763,4.2204,0min5sec
14140,-21.4154,0.2761,4.2202,0min5sec
14150,-21.4003,0.2760,4.2201,0min5sec
14160,-21.3852,0.2758,4.2200,0min5sec
14170,-21.3701,0.2757,4.2198,0min5sec
14180,-21.3550,0.2755,4.2197,0min5sec
14190,-21.3400,0.2754,4.2195,0min5sec
14200,-21.3250,0.2752,4.2194,0min5sec
14210,-21.3100,0.2750,4.2193,0min5sec
14220,-21.2951,0.2749,4.2191,0min5sec
14230,-21.2801,0.2747,4.2190,0min5sec
14240,-21.2652,0.2746,4.2189,0min5sec
14250,-21.2503,0.2744,4.2188,0min5sec
14260,-21.2355,0.2743,4.2186,0min5sec
14270,-21.2206,0.2741,4.2185,0min5sec
14280,-21.2058,0.2740,4.2184,0min5sec
14290,-21.1910,0.2739,4.2182,0min5sec
14300,-21.1762,0.2737,4.2181,0min5sec
14310,-21.1614,0.2736,4.2180,0min5sec
14320,-21.1466,0.2734,4.2179,0min5sec
14330,-21.1319,0.2733,4.2177,0min5sec
14340,-21.1172,0.2731,4.2176,0min5sec
14350,-21.1025,0.2730,4.2175,0min5sec
14360,-21.0878,0.2728,4.2174,0min5sec
14370,-21.0731,0.2727,4.2172,0min5sec
14380,-21.0585,0.2725,4.2171,0min5sec
14390,-21.0439,0.2724,4.2170,0min5sec
14400,-21.0293,0.2722,4.2169,0min5sec
14410,-21.0148,0.2721,4.2167,0min5sec
14420,-21.0002,0.2719,4.2166,0min5sec
14430,-20.9857,0.2718,4.2165,0min5sec
14440,-20.9712,0.2716,4.2164,0min5sec
14450,-20.9567,0.2715,4.2162,0min5sec
14460,-20.9422,0.2713,4.2161,0min5sec
14470,-20.9278,0.2712,4.2160,0min5sec
14480,-20.9134,0.2710,4.2158,0min5sec
14490,-20.8990,0.2709,4.2157,0min5sec
14500,-20.8846,0.2707,4.2156,0min5sec
14510,-20.8702,0.2706,4.2154,0min5sec
14520,-20.8558,0.2704,4.2153,0min5sec
14530,-20.8415,0.2703,4.2152,0min5sec
14540,-20.8272,0.2701,4.2150,0min5sec
14550,-20.8129,0.2700,4.2149,0min5sec
14560,-20.7986,0.2698,4.2148,0min5sec
14570,-20.7844,0.2697,4.2146,0min5sec
14580,-20.7701,0.2695,4.2145,0min5sec
14590,-20.7559,0.2694,4.2144,0min5sec
14600,-20.7417,0.2692,4.2142,0min5sec
14610,-20.7275,0.2691,4.2141,0min5sec
14620,-20.7134,0.2689,4.2140,0min5sec
14630,-20.6992,0.2688,4.2138,0min5sec
14640,-20.6851,0.2687,4.2137,0min5sec
14650,-20.6710,0.2685,4.2136,0min5sec
14660,-20.6569,0.2684,4.2135,0min5sec
14670,-20.6429,0.2682,4.2133,0min5sec
14680,-20.6288,0.2681,4.2132,0min5sec
14690,-20.6148,0.2679,4.2131,0min5sec
14700,-20.6008,0.2678,4.2129,0min5sec
14710,-20.5868,0.2676,4.2128,0min5sec
14720,-20.5729,0.2675,4.2127,0min5sec
14730,-20.5589,0.2673,4.2126,0min5sec
14740,-20.5450,0.2672,4.2124,0min5sec
14750,-20.5311,0.2671,4.2123,0min5sec
14760,-20.5172,0.2669,4.2122,0min5sec
14770,-20.5034,0.2668,4.2121,0min5sec
14780,-20.4895,0.2666,4.2119,0min5sec
14790,-20.4757,0.2665,4.2118,0min5sec
14800,-20.4619,0.2663,4.2117,0min5sec
14810,-20.4481,0.2662,4.2115,0min5sec
14820,-20.4343,0.2660,4.2114,0min5sec
14830,-20.4205,0.2659,4.2113,0min5sec
14840,-20.4068,0.2658,4.2112,0min5sec
14850,-20.3931,0.2656,4.2111,0min5sec
14860,-20.3794,0.2655,4.2109,0min5sec
14870,-20.3657,0.2653,4.2108,0min5sec
14880,-20.3520,0.2652,4.2107,0min5sec
14890,-20.3384,0.2650,4.2106,0min5sec
14900,-20.3248,0.2649,4.2104,0min5sec
14910,-20.3111,0.2648,4.2103,0min5sec
14920,-20.2975,0.2646,4.2102,0min5sec
14930,-20.2840,0.2645,4.2101,0min5sec
14940,-20.2704,0.2644,4.2100,0min5sec
14950,-20.2569,0.2642,4.2099,0min5sec
14960,-20.2434,0.2641,4.2097,0min5sec
14970,-20.2299,0.2639,4.2096,0min5sec
14980,-20.2164,0.2638,4.2095,0min5sec
14990,-20.2029,0.2637,4.2094,0min5sec
